id_tweet;tweet
1054399548326584322;b"RT @nvdems: It's not too late to get your ticket to hear from President @BarackObama and very special guests @JBALVIN, @AmericaFerrera and\xe2\x80\xa6"
1054399578932424704;b'RT @LiamPayne: \xf0\x9f\x99\x8c\xf0\x9f\x8f\xbc\xf0\x9f\x99\x8c\xf0\x9f\x8f\xbc https://t.co/XlheSIyu29'
1054399645978370055;b'@PrinceRoyce @JBALVIN manifestantes de alegr\xc3\xada y amor pa la cultura \xf0\x9f\x99\x8c\xf0\x9f\x8f\xbc #Brooklyn #VibrasTour song: Sensualidad https://t.co/UDwQe9MMks'
1054399753373532160;b"RT @nvdems: It's not too late to get your ticket to hear from President @BarackObama and very special guests @JBALVIN, @AmericaFerrera and\xe2\x80\xa6"
1054401188886704128;b'RT @Anuel_2bleA: Gracias a @JBALVIN por la oportunidad anoche..  \xf0\x9f\x91\xb9\xe2\x9c\x96\xef\xb8\x8f\xf0\x9f\xa6\x96#RealHastaLaMuerte #VibrasTour NY https://t.co/xTjvG1xc6b'
1054401278959345664;b'RT @ElTrapeo: #Preview: #ElGanadorRemix de @NickyJamPR featuring @ArcangelPrrra, #BadBunny, @JBALVIN y @daddy_yankee.\n(Parte de Bad Bunny)\xe2\x80\xa6'
1054401421431455744;b'RT @Anuel_2bleA: \xf0\x9f\x91\xb9\xe2\x9c\x96\xef\xb8\x8f\xf0\x9f\xa6\x96 https://t.co/bBZP5cK60x'
1054401533914148864;b"RT @BRITs: Big congrats to @LiamPayne and @JBALVIN as 'Familiar' is now a #BRITcertified Gold selling single! \xf0\x9f\x87\xac\xf0\x9f\x87\xa7\xf0\x9f\x93\x80 https://t.co/uluBNa4a3S"
1054401887540260864;b'Ahora s\xc3\xad! \xf0\x9f\x94\xa5\xf0\x9f\x94\xa5\xf0\x9f\x94\xa5'
1054401918506844160;b'RT @ElTrapeo: #Preview: #ElGanadorRemix de @NickyJamPR featuring @ArcangelPrrra, #BadBunny, @JBALVIN y @daddy_yankee.\n(Parte de Bad Bunny)\xe2\x80\xa6'
1054402297722216448;b'1 #MiVotoLCA es para que el tema #NoEsJusto de @JBalvin @CuentaAtrasCMM @CMM_es #NovedadesLCA'
1054402313161531395;b'RT @barclayscenter: Panas \xf0\x9f\xa4\x99\n\n@JBALVIN x @Anuel_2bleA \n\n#VibrasTour \xf0\x9f\xa6\x96 https://t.co/MB3MAiPf9F'
1054402326981763073;b'2 #MiVotoLCA es para que el tema #NoEsJusto de @JBalvin @CuentaAtrasCMM @CMM_es #NovedadesLCA'
1054402406409220099;b'3 #MiVotoLCA es para que el tema #NoEsJusto de @JBalvin @CuentaAtrasCMM @CMM_es #NovedadesLCA'
1054402422339223552;b'RT @La_familia_La: \xc2\xa1Acomp\xc3\xa1\xc3\xb1ame con el Presidente @BarackObama,  y el invitado musical especial @JBALVIN para un rally en Las Vegas este lun\xe2\x80\xa6'
1054402491847241728;b'4 #MiVotoLCA es para que el tema #NoEsJusto de @JBalvin @CuentaAtrasCMM @CMM_es #NovedadesLCA'
1054402519504510977;b'5 #MiVotoLCA es para que el tema #NoEsJusto de @JBalvin @CuentaAtrasCMM @CMM_es #NovedadesLCA'
1054402569039167489;b'RT @Anuel_2bleA: Gracias a @JBALVIN por la oportunidad anoche..  \xf0\x9f\x91\xb9\xe2\x9c\x96\xef\xb8\x8f\xf0\x9f\xa6\x96#RealHastaLaMuerte #VibrasTour NY https://t.co/xTjvG1xc6b'
1054402596423688192;b'RT @YvannaCancela: It\xe2\x80\x99s day 3 of early voting in Nevada. @BarackObama is here today with @JBALVIN! Don\xe2\x80\x99t have tickets? Click here: https://\xe2\x80\xa6'
1054402668318416896;b'@nvdems @BarackObama @JBALVIN @AmericaFerrera @TheSaltNPepa When they go low we go vote. @MichelleObama'
1054403022795800578;b'RT @ElTrapeo: #Preview: #ElGanadorRemix de @NickyJamPR featuring @ArcangelPrrra, #BadBunny, @JBALVIN y @daddy_yankee.\n(Parte de Bad Bunny)\xe2\x80\xa6'
1054403060750053377;b'RT @Anuel_2bleA: No cambiamos s\xc3\xb3lo aprendemos y aprender no es cambiar, es crecer. @anuel_2blea  Emmanuel - JBalvin. https://t.co/2XtoLjvUJd'
1054403334109626369;b'@shelovsdemi @nagoray @pandlernews ooh jbalvin mija aqui'
1054403568525041665;b'#KarolG is atomic \xf0\x9f\x92\xa5 More than once have I experienced #JBalvin bring on stage all my favorites \xe2\x9d\xa4\xef\xb8\x8f this weekend I fl\xe2\x80\xa6 https://t.co/iQgNi5Nx4D'
1054403764810080256;b'RT @ElTrapeo: #Preview: #ElGanadorRemix de @NickyJamPR featuring @ArcangelPrrra, #BadBunny, @JBALVIN y @daddy_yankee.\n(Parte de Bad Bunny)\xe2\x80\xa6'
1054403910146932741;b'#NowPlaying I Like It ft Bad Bunny &amp, JBalvin - Cardi B On https://t.co/bnrGeb34V1'
1054403928337604608;b'RT @Anuel_2bleA: Gracias a @JBALVIN por la oportunidad anoche..  \xf0\x9f\x91\xb9\xe2\x9c\x96\xef\xb8\x8f\xf0\x9f\xa6\x96#RealHastaLaMuerte #VibrasTour NY https://t.co/xTjvG1xc6b'
1054404114518548481;b'RT @Anuel_2bleA: Gracias a @JBALVIN por la oportunidad anoche..  \xf0\x9f\x91\xb9\xe2\x9c\x96\xef\xb8\x8f\xf0\x9f\xa6\x96#RealHastaLaMuerte #VibrasTour NY https://t.co/xTjvG1xc6b'
1054404293715931136;b'RT @grisyhbalvin: Me reporto a marat\xc3\xb3n #Maraton por @JBALVIN desde Mexico @Vale_LaFamilia @PrediNyNjFamili @JBalvinMexFc @JBalvinMtyMexFC'
1054404453586079744;b'RT @LiamPayne: \xf0\x9f\x99\x8c\xf0\x9f\x8f\xbc\xf0\x9f\x99\x8c\xf0\x9f\x8f\xbc https://t.co/XlheSIyu29'
1054404460925992960;b'RT @grisyhbalvin: Me reporto a marat\xc3\xb3n #MaratonPCA por @JBALVIN desde Mexico @Vale_LaFamilia @PrediNyNjFamili @JBalvinMexFc @JBalvinMtyMexFC'
1054404604551720961;b'JBalvin Willy William feat.Beyonce - Mi Gente-remix\n\nLISTEN LIVE!!!\nhttps://t.co/QAIaS5e077'
1054404611526799361;b'Hola @exatv pueden poner la canci\xc3\xb3n XRemix de Maluma, NickyJamPR, JBALVIN y Ozuna_Pr para MalumaFamilyNL por favor \xe2\x9d\x8c'
1054404619147923457;b'Hay rumores de que @MariahCarey ha grabado una canci\xc3\xb3n con @JBALVIN para su nuevo disco. \n#Caution'
1054404655416045568;b'Hola @exafm973 pueden poner la canci\xc3\xb3n XRemix de Maluma, NickyJamPR, JBALVIN y Ozuna_Pr para MalumaFamilyNL por favor \xe2\x9d\x8c'
1054404691201875970;b'Hola @ExaElPaso pueden poner la canci\xc3\xb3n XRemix de Maluma, NickyJamPR, JBALVIN y Ozuna_Pr para MalumaFamilyNL por favor \xe2\x9d\x8c'
1054404732419301376;b'Hola @alfa1045fm pueden poner la canci\xc3\xb3n XRemix de Maluma, NickyJamPR, JBALVIN y Ozuna_Pr para MalumaFamilyNL por favor \xe2\x9d\x8c'
1054404779374448641;b'Hola @alfa913fm pueden poner la canci\xc3\xb3n XRemix de Maluma, NickyJamPR, JBALVIN y Ozuna_Pr para MalumaFamilyNL por favor \xe2\x9d\x8c'
1054404839734697984;b'Hola @Oye897 pueden poner la canci\xc3\xb3n XRemix de Maluma, NickyJamPR, JBALVIN y Ozuna_Pr para MalumaFamilyNL por favor \xe2\x9d\x8c'
1054404860781740032;b'RT @La_familia_La: \xc2\xa1Acomp\xc3\xa1\xc3\xb1ame con el Presidente @BarackObama,  y el invitado musical especial @JBALVIN para un rally en Las Vegas este lun\xe2\x80\xa6'
1054404913621549057;b'Hola @Joya937FM pueden poner la canci\xc3\xb3n XRemix de Maluma, NickyJamPR, JBALVIN y Ozuna_Pr para MalumaFamilyNL por favor \xe2\x9d\x8c'
1054404956088885248;b'Hola @exitos913 pueden poner la canci\xc3\xb3n XRemix de Maluma, NickyJamPR, JBALVIN y Ozuna_Pr para MalumaFamilyNL por favor \xe2\x9d\x8c'
1054404991786590208;b'Hola @CocaColaFM pueden poner la canci\xc3\xb3n XRemix de Maluma, NickyJamPR, JBALVIN y Ozuna_Pr para MalumaFamilyNL por favor \xe2\x9d\x8c'
1054405044739731456;b'Hola @via_radio pueden poner la canci\xc3\xb3n XRemix de Maluma, NickyJamPR, JBALVIN y Ozuna_Pr para MalumaFamilyNL por favor \xe2\x9d\x8c'
1054405146137018368;b'Hola @fmtumonterrey pueden poner la canci\xc3\xb3n XRemix de Maluma, NickyJamPR, JBALVIN y Ozuna_Pr para MalumaFamilyNL por favor \xe2\x9d\x8c'
1054405298314768385;b'Hola @digital1029 pueden poner la canci\xc3\xb3n XRemix de Maluma, NickyJamPR, JBALVIN y Ozuna_Pr para MalumaFamilyNL por favor \xe2\x9d\x8c'
1054405398629888000;b'Hola @exatv pueden poner la canci\xc3\xb3n XRemix de Maluma, NickyJamPR, JBALVIN y Ozuna_Pr para MalumaFamilyNL por favor \xe2\x9d\x8c'
1054405439687983104;b'Hola @exafm973 pueden poner la canci\xc3\xb3n XRemix de Maluma, NickyJamPR, JBALVIN y Ozuna_Pr para MalumaFamilyNL por favor \xe2\x9d\x8c'
1054405494390116357;b'Hola @ExaElPaso pueden poner la canci\xc3\xb3n XRemix de Maluma, NickyJamPR, JBALVIN y Ozuna_Pr para MalumaFamilyNL por favor \xe2\x9d\x8c'
1054405528628224000;b'RT @ElTrapeo: #Preview: #ElGanadorRemix de @NickyJamPR featuring @ArcangelPrrra, #BadBunny, @JBALVIN y @daddy_yankee.\n(Parte de Bad Bunny)\xe2\x80\xa6'
1054405532868591618;b'Hola @alfa913fm pueden poner la canci\xc3\xb3n XRemix de Maluma, NickyJamPR, JBALVIN y Ozuna_Pr para MalumaFamilyNL por favor \xe2\x9d\x8c'
1054405588350889989;b'Hola @genesis981fm pueden poner la canci\xc3\xb3n XRemix de Maluma, NickyJamPR, JBALVIN y Ozuna_Pr para MalumaFamilyNL por favor \xe2\x9d\x8c'
1054405654612447234;b'Hola @digital1029 pueden poner la canci\xc3\xb3n XRemix de Maluma, NickyJamPR, JBALVIN y Ozuna_Pr para MalumaFamilyNL por favor \xe2\x9d\x8c'
1054405698396868608;b'Hola @los40monterrey pueden poner la canci\xc3\xb3n XRemix de Maluma, NickyJamPR, JBALVIN y Ozuna_Pr para MalumaFamilyNL por favor \xe2\x9d\x8c'
1054405753044434950;b'Hola @Oye897 pueden poner la canci\xc3\xb3n XRemix de Maluma, NickyJamPR, JBALVIN y Ozuna_Pr para MalumaFamilyNL por favor \xe2\x9d\x8c'
1054405797571186688;b'Hola @Joya937FM pueden poner la canci\xc3\xb3n XRemix de Maluma, NickyJamPR, JBALVIN y Ozuna_Pr para MalumaFamilyNL por favor \xe2\x9d\x8c'
1054405845189046272;b'Hola @exitos913 pueden poner la canci\xc3\xb3n XRemix de Maluma, NickyJamPR, JBALVIN y Ozuna_Pr para MalumaFamilyNL por favor \xe2\x9d\x8c'
1054405946921963520;b'Hola @CocaColaFM pueden poner la canci\xc3\xb3n XRemix de Maluma, NickyJamPR, JBALVIN y Ozuna_Pr para MalumaFamilyNL por favor \xe2\x9d\x8c'
1054406008360103936;b'Hola @via_radio pueden poner la canci\xc3\xb3n XRemix de Maluma, NickyJamPR, JBALVIN y Ozuna_Pr para MalumaFamilyNL por favor \xe2\x9d\x8c'
1054406063053856769;b'RT @LiamPayne: \xf0\x9f\x99\x8c\xf0\x9f\x8f\xbc\xf0\x9f\x99\x8c\xf0\x9f\x8f\xbc https://t.co/XlheSIyu29'
1054406451295412226;b'RT @Anuel_2bleA: No cambiamos s\xc3\xb3lo aprendemos y aprender no es cambiar, es crecer. @anuel_2blea  Emmanuel - JBalvin. https://t.co/2XtoLjvUJd'
1054406462850695168;b'\xf0\x9f\x8e\xb6NP: I like it by @iamcardib @bad_bunnyPR @JBALVIN  w/@kiki_hendrix20  @DonTeebaba \n#thirtytwofm\xe2\x80\xa6 https://t.co/ppa4FVhCGr'
1054406671114608640;b'RT @TrapUpdates: \xf0\x9f\x9a\xa8\xf0\x9f\x9a\xa8 HOY Anuel AA apareci\xc3\xb3 en el concierto de J Balvin en Brooklyn NY. Interpret\xc3\xb3 Ayer 2 y Quiere Beber \xf0\x9f\x94\xa5\xf0\x9f\x91\xb9\xf0\x9f\x91\xb9\xf0\x9f\x94\x9c @Anuel_2bleA @J\xe2\x80\xa6'
1054406733429460993;b'RT @Anuel_2bleA: No cambiamos s\xc3\xb3lo aprendemos y aprender no es cambiar, es crecer. @anuel_2blea  Emmanuel - JBalvin. https://t.co/2XtoLjvUJd'
1054406816766025728;b"@JBALVIN @MichaelBrun https://t.co/4ijEcJkN3Y Wait y'all I just read this interview and it's also fire, I'm SO here\xe2\x80\xa6 https://t.co/j6ZslEw7cy"
1054407007913033729;b'RT @LiamPayne: \xf0\x9f\x99\x8c\xf0\x9f\x8f\xbc\xf0\x9f\x99\x8c\xf0\x9f\x8f\xbc https://t.co/XlheSIyu29'
1054407116994306048;b'I feel like @JBALVIN needs to remix Suncity. \xf0\x9f\x99\x8c\xf0\x9f\x8f\xbc @thegreatkhalid'
1054407200851017729;b'RT @Anuel_2bleA: No cambiamos s\xc3\xb3lo aprendemos y aprender no es cambiar, es crecer. @anuel_2blea  Emmanuel - JBalvin. https://t.co/2XtoLjvUJd'
1054407356761681929;b'RT @LiamPayne: \xf0\x9f\x99\x8c\xf0\x9f\x8f\xbc\xf0\x9f\x99\x8c\xf0\x9f\x8f\xbc https://t.co/XlheSIyu29'
1054407367016747011;b'Yo, con todos los \xc3\xa1lbumes de @JBALVIN'
1054407844861161472;b'RT @La_familia_La: \xf0\x9f\x8e\xb6 baila esta tarde al ritmo de #NoEsJusto de @jbalvin junto a @zionylennox \xf0\x9f\x92\x83 Dale play en #Spotify y a bailar! \xf0\x9f\x94\xa5 \xf0\x9f\x94\x8a" http\xe2\x80\xa6'
1054408168191807489;b'RT @ElTrapeo: #Preview: #ElGanadorRemix de @NickyJamPR featuring @ArcangelPrrra, #BadBunny, @JBALVIN y @daddy_yankee.\n(Parte de Bad Bunny)\xe2\x80\xa6'
1054408424153366528;b'RT @ElTrapeo: #Preview: #ElGanadorRemix de @NickyJamPR featuring @ArcangelPrrra, #BadBunny, @JBALVIN y @daddy_yankee.\n(Parte de Bad Bunny)\xe2\x80\xa6'
1054408583650140160;b'RT @SusieLeeNV: I hope you\xe2\x80\x99ll join me with President @BarackObama, special musical guest @JBALVIN, and the @nvdems on Monday as we kick #Ea\xe2\x80\xa6'
1054408740466642947;b"RT @nvdems: It's not too late to get your ticket to hear from President @BarackObama and very special guests @JBALVIN, @AmericaFerrera and\xe2\x80\xa6"
1054408787652698113;b'RT @RoMyGranata: Hola @Quieromusicatv ,quiero dejar votos para el nuevo video de @JBALVIN #NoEsJusto\xc2\xa0\xc2\xa0 en #Los15Mejores\nMuchas gracias! @jb\xe2\x80\xa6'
1054408818392813569;b'RT @RoMyGranata: Hola @radiolatina1011, quisiera escuchar #NoEsJusto\xc2\xa0 lo nuevo de @JBALVIN \xf0\x9f\x98\x8d\nMuchas gracias! @jbalvinfcarg'
1054408834167595008;b'RT @RoMyGranata: !Hola @Los40Ar ,quer\xc3\xada dejar votos para #NoEsJusto de @JBALVIN\xc2\xa0 en el ranking #Del40Al1 \xf0\x9f\x98\x98\nMuchas gracias! @jbalvinfcarg'
1054408846276546560;b'RT @RoMyGranata: Hola @HTVMusica ,quiero dejar votos para el video de #NoEsJusto\xc2\xa0 de @JBALVIN\xc2\xa0 \xf0\x9f\x98\x8d en el #HotRanking\nMuchas gracias! @jbalvin\xe2\x80\xa6'
1054408856980373504;b'RT @RoMyGranata: Hola @RadiodisneyLA , quiero dejar votos para #NoEsJusto de @JBALVIN\xc2\xa0 \nMuchas gracias! @jbalvinfcarg \xf0\x9f\x98\x98'
1054408859123617793;b'RT @LucasOrozcoF: Amigos Mocca sin Jbalvin suena mejor sorry'
1054408867713613824;b'RT @RoMyGranata: Hola @Vale975,quiero dejar votos para\xc2\xa0 el #RankingVale lo nuevo de @JBALVIN #NoEsJusto GRACIAS @jbalvinfcarg'
1054408879302426625;b'RT @RoMyGranata: Hola @late931oficial , quisiera escuchar #NoEsJusto\xc2\xa0 lo nuevo de @JBALVIN \xf0\x9f\x98\x8d\nMuchas gracias! @jbalvinfcarg'
1054408891533004800;b'RT @RoMyGranata: Hola @guaparadio , quisiera escuchar #NoEsJusto lo nuevo de @JBALVIN \xf0\x9f\x98\x8d\nMuchas gracias! @jbalvinfcarg'
1054409069040029698;b'RT @SylviaLazos: Forget about @BarackObama,  @JBALVIN \xf0\x9f\xa4\xa9\xf0\x9f\xa4\xa9\xf0\x9f\xa4\xa9 #SISePuede !! https://t.co/lihlCid9gs'
1054409484729237505;b'#Vibing \xf0\x9f\x93\xbb \n\nX - @NickyJamPR @JBALVIN      \n\nOn #ClockOut w/ @HashimStyleBuff \n\n#MusicMonday \n\nhttps://t.co/pdAaoaEWlK'
1054409910111232000;b"RT @nvdems: It's not too late to get your ticket to hear from President @BarackObama and very special guests @JBALVIN, @AmericaFerrera and\xe2\x80\xa6"
1054410476258582528;b"I can't front,  seeing @Anuel_2bleA at Jbalvin's concert on Saturday was a pretty nice surprise."
1054410514846179328;b'#MaximizaTuMusica con @JBalvin - Sigo Extra\xc3\xb1andote / @jbalvin_ecuador en #RadioMakroDigital'
1054410542696316928;b"RT @nvdems: It's not too late to get your ticket to hear from President @BarackObama and very special guests @JBALVIN, @AmericaFerrera and\xe2\x80\xa6"
1054410766504419329;b'Saludos @RadioDisneyBRA Nos gustaria escuchar lo mas reciente de #JBalvin #NoEsJusto gracias'
1054410809458257920;b'Mentira Jbalvin e Anitta empatam'
1054410849392181249;b'Saludos @LAPOPU103 Nos gustaria escuchar lo mas reciente de #JBalvin #NoEsJusto gracias'
1054410909517578242;b'Saludos @E40FM Nos gustaria escuchar lo mas reciente de #JBalvin #NoEsJusto gracias'
1054410990849310720;b'Saludos @FarraPlay_ Nos gustaria escuchar lo mas reciente de #JBalvin #NoEsJusto gracias'
1054411130016272385;b'Saludos @RadioDisneyLA Nos gustaria escuchar lo mas reciente de #JBalvin #NoEsJusto gracias'
1054411148324413445;b'RT @Anuel_2bleA: \xf0\x9f\x91\xb9\xe2\x9c\x96\xef\xb8\x8f\xf0\x9f\xa6\x96 https://t.co/bBZP5cK60x'
1054411422149603328;b'Saludos @RQPPARAGUAY Nos gustaria escuchar lo mas reciente de #JBalvin #NoEsJusto gracias'
1054411708800925698;b'RT @LiamPayne: \xf0\x9f\x99\x8c\xf0\x9f\x8f\xbc\xf0\x9f\x99\x8c\xf0\x9f\x8f\xbc https://t.co/XlheSIyu29'
1054411714643542016;b'RT @Anuel_2bleA: No cambiamos s\xc3\xb3lo aprendemos y aprender no es cambiar, es crecer. @anuel_2blea  Emmanuel - JBalvin. https://t.co/2XtoLjvUJd'
1054412018437050368;b'RT @LiamPayne: \xf0\x9f\x99\x8c\xf0\x9f\x8f\xbc\xf0\x9f\x99\x8c\xf0\x9f\x8f\xbc https://t.co/XlheSIyu29'
1054412107851141120;b'RT @LiamPayne: \xf0\x9f\x99\x8c\xf0\x9f\x8f\xbc\xf0\x9f\x99\x8c\xf0\x9f\x8f\xbc https://t.co/XlheSIyu29'
1054412155129348097;b'@somosla92 @RivaPopMusic s\xc3\xbaper feliz d\xc3\xada hermosaa mua me pod\xc3\xadas poner el perdedor de @jesusmiranda  @JBALVIN'
1054412267935154177;b'Nos gustaria ver el nyevo sencillo #NoEsJusto de #jbalvin en el @HTVHotRanking de @HTVMusica'
1054412317532868608;b'RT @cruzrobert94: \xe2\x80\x9cSi quiero compro los carros que antes tenia en Hot Wheels\xe2\x80\x9d https://t.co/UHEsEIeWfs'
1054412353993891841;b'Nos gustaria ver el nuevo sencillo #NoEsJusto de #jbalvin en el @HTVHotRanking de @HTVMusica.'
1054412432406392832;b'Nos gustaria ver el nuevo sencillo #NoEsJusto de #jbalvin en el @HTVHotRanking de @HTVMusica..'
1054412473284083713;b'Nos gustaria ver el nuevo sencillo #NoEsJusto de #jbalvin en el @HTVHotRanking de @HTVMusica'
1054412484122210305;b'Que ganas de otro concierto de @JBALVIN'
1054412669862711296;b'RT @flawalyss: ft shawn\nft mkg \nft major lazer  \nft travis scott\nft pitbull\nft jbalvin\nft cashmere cat\nft quavo\nft young thug\nft daddy yank\xe2\x80\xa6'
1054412703694053376;b'Nos gustaria ver el nuevo sencillo #NoEsJusto de #jbalvin en el @HTVHotRanking de @HTVMusica,'
1054412825077010432;b'RT @LiamPayne: \xf0\x9f\x99\x8c\xf0\x9f\x8f\xbc\xf0\x9f\x99\x8c\xf0\x9f\x8f\xbc https://t.co/XlheSIyu29'
1054413654140043264;b'RT @BillboardArg: \xe2\x80\x9cCuando te bes\xc3\xa9\xe2\x80\x9d, de @PauloLondra y @iambeckyg se qued\xc3\xb3 con la cima del primer chart oficial argentino de canciones. En e\xe2\x80\xa6'
1054413737162088448;b'#MiVotoLCA es para  el tema #NoEsJusto de @JBALVIN  @CuentaAtrasCMM @CMM_es #novedadesLCA'
1054413971460112384;b'RT @La_familia_La: \xc2\xa1Acomp\xc3\xa1\xc3\xb1ame con el Presidente @BarackObama,  y el invitado musical especial @JBALVIN para un rally en Las Vegas este lun\xe2\x80\xa6'
1054414050606678019;b'RT @Anuel_2bleA: No cambiamos s\xc3\xb3lo aprendemos y aprender no es cambiar, es crecer. @anuel_2blea  Emmanuel - JBalvin. https://t.co/2XtoLjvUJd'
1054414223512612864;b'RT @LiamPayne: \xf0\x9f\x99\x8c\xf0\x9f\x8f\xbc\xf0\x9f\x99\x8c\xf0\x9f\x8f\xbc https://t.co/XlheSIyu29'
1054414305418858496;b'RT @Therealtdavis: @AaronDFordNV @BarackObama @JBALVIN @TheSaltNPepa Lol this is hilarious. Shows how out of touch Dems are.'
1054414322586202112;b'RT @kriDan1: @AaronDFordNV @BarackObama @JBALVIN @TheSaltNPepa No thanks...'
1054414410792529920;b'RT @La_familia_La: \xc2\xa1Acomp\xc3\xa1\xc3\xb1ame con el Presidente @BarackObama,  y el invitado musical especial @JBALVIN para un rally en Las Vegas este lun\xe2\x80\xa6'
1054414501070557195;b'No thanks. Once was more than enough...'
1054414548034338816;b'#MiVotoLCA es para  el tema #NoEsJusto de @JBALVIN  @CuentaAtrasCMM @CMM_es #novedadesLCA.'
1054414581370630146;b'RT @Rayla: Awesome!!! Thank you for the \xf0\x9f\x92\x96\xf0\x9f\x92\x96\xf0\x9f\x92\x96!!@Hits100AZ \xf0\x9f\x98\x8a https://t.co/QUHXK173Gx'
1054414685536247808;b'#MiVotoLCA es para  el tema #NoEsJusto de @JBALVIN  @CuentaAtrasCMM @CMM_es #novedadesLCA ..'
1054414725512077314;b'#MiVotoLCA es para  el tema #NoEsJusto de @JBALVIN  @CuentaAtrasCMM @CMM_es #novedadesLCA ,'
1054414772957925376;b'RT @LiamPayne: \xf0\x9f\x99\x8c\xf0\x9f\x8f\xbc\xf0\x9f\x99\x8c\xf0\x9f\x8f\xbc https://t.co/XlheSIyu29'
1054414799537344512;b'#MiVotoLCA es para  el tema #NoEsJusto de @JBALVIN  @CuentaAtrasCMM @CMM_es #novedadesLCA ...'
1054414836468080642;b'hola @jbalvin me gustan tus canciones me prestas 50mil pesos gracias'
1054415356293345280;b'RT @barclayscenter: Panas \xf0\x9f\xa4\x99\n\n@JBALVIN x @Anuel_2bleA \n\n#VibrasTour \xf0\x9f\xa6\x96 https://t.co/MB3MAiPf9F'
1054415453747990531;b'@jbalvin &amp, @djlalito #vibrastour2018 at Pepsi Center \n@djcity djcitylatino #djlife #djcity #djcitylatino\xe2\x80\xa6 https://t.co/WA8WrQ09f4'
1054415466268110850;b'https://t.co/TPQobz2f4N'
1054415646019252224;b'@JBALVIN J Balvin, uno de los artistas m\xc3\xa1s populares de la m\xc3\xbasica latina, lleg\xc3\xb3 con el Vibras Tour Powered by Bucha\xe2\x80\xa6 https://t.co/q2pTfY8fqI'
1054415790605299713;b'#DiarioLaPrensa El reguetonero #JBalvin tuvo un accidente mientras daba uno de sus conciertos como parte de su gira\xe2\x80\xa6 https://t.co/Z4qrCzzc09'
1054416245230133248;b'RT @jowell1: Grande como artista , GIGANTE como persona ! Que el mundo lo sepa @JBALVIN Te mereces todo el exito que est\xc3\xa1s teniendo. Que or\xe2\x80\xa6'
1054416453871509504;b'djlalito : jbalvin &amp, djlalito #vibrastour2018 at Pepsi Center \ndjcity djcitylatino #djlife #djcity #djcitylatino\xe2\x80\xa6 https://t.co/kt5wB4sbkp'
1054416463380074496;b'Eso se llama KARMA por andar promocionando esa m\xc3\xbasica del diablo'
1054416496296935435;b'Saludos @zooradio935 Nos gustar\xc3\xada escuchar el nuevo sencillo de #JBalvin #NoEsJusto Muchas Gracias'
1054416529029242880;b'Saludos @radiolate Nos gustar\xc3\xada escuchar el nuevo sencillo de #JBalvin #NoEsJusto Muchas Gracias'
1054416567331635201;b'Saludos @CocaColaForMeAr Nos gustaria escuchar el nuevo sencillo de #JBalvin #NoEsJusto Muchas gracias!'
1054416597782278144;b'Saludos @la100fm Nos Gustar\xc3\xada escuchar el nuevo sencillo de #JBalvin #NoEsJusto Muchas Gracias'
1054416639196749824;b'RT @LoveDeHate: Wow y\xe2\x80\x99all thank you all for loving my man \xf0\x9f\x98\xa9\xe2\x9d\xa4\xef\xb8\x8f https://t.co/EsvmDrZXqT'
1054417186746298368;b'@NelsonAraujoNV @latinovictoryus @BarackObama @AmericaFerrera @JBALVIN #MexicanoVote #ChicanoVote #MexIndigenaVote\xe2\x80\xa6 https://t.co/h9PVdXXy3R'
1054417328056733697;b'RT @NRJBelgique: Votez pour vos artistes pr\xc3\xa9f\xc3\xa9r\xc3\xa9s dans la cat\xc3\xa9gorie "chanson internationale de l\'ann\xc3\xa9e". Rendez-vous sur https://t.co/2d0zM\xe2\x80\xa6'
1054417923719213057;b'IM MEETING @JBALVIN IN 4 DAYS LWNLD@LE\xc3\x91'
1054418086915424256;b'Happy Monday !!!!\n\xf0\x9f\x8e\xbc\xf0\x9f\x8e\xbc\xf0\x9f\x8e\xbc\xf0\x9f\x8e\xbc\xf0\x9f\x8e\xbc\nDjs dm me for free remixes .\n\n#yankeedj #getthestrap #life #nyc #newyork #newyorkcity\xe2\x80\xa6 https://t.co/wPvH9bjHQ1'
1054418395708440577;b'RT @Anuel_2bleA: \xf0\x9f\x91\xb9\xe2\x9c\x96\xef\xb8\x8f\xf0\x9f\xa6\x96 https://t.co/bBZP5cK60x'
1054418419561492481;b'@melzirene Esta encuesta da es rabia\xf0\x9f\xa4\xa3 Jbalvin 1000%\xf0\x9f\xa4\xa9\xe2\x9a\xa1\xef\xb8\x8f'
1054418659735674883;b'RT @LucasOrozcoF: Amigos Mocca sin Jbalvin suena mejor sorry'
1054418665033121795;b'@camiIasbadthing @JBALVIN idc that\xe2\x80\x99s my mans'
1054418748503932928;b'RT @LiamPayne: \xf0\x9f\x99\x8c\xf0\x9f\x8f\xbc\xf0\x9f\x99\x8c\xf0\x9f\x8f\xbc https://t.co/XlheSIyu29'
1054418772646227968;b'RT @LiamPayne: \xf0\x9f\x99\x8c\xf0\x9f\x8f\xbc\xf0\x9f\x99\x8c\xf0\x9f\x8f\xbc https://t.co/XlheSIyu29'
1054419342757126144;b'@JBALVIN ter\xc3\xa1 show no mesmo dia do AMAs, ou ele vai depois do show ou cancelou a participa\xc3\xa7\xc3\xa3o, Jos\xc3\xa9 tu n\xc3\xa3o me tomba. https://t.co/AdwAF1mtmq'
1054419417378013184;b'RT @Anuel_2bleA: No cambiamos s\xc3\xb3lo aprendemos y aprender no es cambiar, es crecer. @anuel_2blea  Emmanuel - JBalvin. https://t.co/2XtoLjvUJd'
1054419995831091200;b'Can\xe2\x80\x99t wait to see @BarackObama take stage today and hear from special guest @JBALVIN! This is going to be LIT! \xf0\x9f\x94\xa5 fo\xe2\x80\xa6 https://t.co/EGXR1P4VVe'
1054420034095853570;b'Quiero un concierto de jbalvin con toda mi alma'
1054420084662382594;b'@foreverniallur @JBALVIN Omg have fun!!'
1054420206091689984;b'@JBalvinCharts @JBALVIN Onde \xc3\xa9 o show'
1054420638209884165;b'@lmatheux1 @JBALVIN Nashville, Cidade dos EUA.'
1054420682233266178;b'@_whitemanswhore @JBALVIN Thank you!!'
1054420726982168583;b'RT @SusieLeeNV: I hope you\xe2\x80\x99ll join me with President @BarackObama, special musical guest @JBALVIN, and the @nvdems on Monday as we kick #Ea\xe2\x80\xa6'
1054420808536215552;b'RT @YvannaCancela: It\xe2\x80\x99s day 3 of early voting in Nevada. @BarackObama is here today with @JBALVIN! Don\xe2\x80\x99t have tickets? Click here: https://\xe2\x80\xa6'
1054420877805268992;b'.@AlvaroSicilia entrevista a la promesa del TRAP @delacallemaikel \xf0\x9f\x94\x8a\xf0\x9f\x94\xa5encima de un bus \xf0\x9f\x9a\x8e y nos cuenta m\xc3\xa1s sobre su co\xe2\x80\xa6 https://t.co/n5GmWWKEvF'
1054420891751366657;b'RT @CCabelloNews: .@JBALVIN liked @billboard\xe2\x80\x99s post on Instagram https://t.co/EQcJkE42C7'
1054420927029612545;b'RT @MegaStar: .@AlvaroSicilia entrevista a la promesa del TRAP @delacallemaikel \xf0\x9f\x94\x8a\xf0\x9f\x94\xa5encima de un bus \xf0\x9f\x9a\x8e y nos cuenta m\xc3\xa1s sobre su colab con @J\xe2\x80\xa6'
1054421092096503808;b'RT @ElTrapeo: #Preview: #ElGanadorRemix de @NickyJamPR featuring @ArcangelPrrra, #BadBunny, @JBALVIN y @daddy_yankee.\n(Parte de Bad Bunny)\xe2\x80\xa6'
1054421120521330688;b'RT @SusieLeeNV: I hope you\xe2\x80\x99ll join me with President @BarackObama, special musical guest @JBALVIN, and the @nvdems on Monday as we kick #Ea\xe2\x80\xa6'
1054421131367800833;b'RT @TuBoletaNews: HOY puede ser el d\xc3\xada de asegurar el mejor plan de tus vacaciones #MetroConcierto IMPERDIBLE @carlosvives @maluma @rubenbl\xe2\x80\xa6'
1054421553620963328;b'RT @Anuel_2bleA: Gracias a @JBALVIN por la oportunidad anoche..  \xf0\x9f\x91\xb9\xe2\x9c\x96\xef\xb8\x8f\xf0\x9f\xa6\x96#RealHastaLaMuerte #VibrasTour NY https://t.co/xTjvG1xc6b'
1054421920974884864;b'.@AlvaroSicilia entrevista a la promesa del TRAP @MaikelDLacalle \xf0\x9f\x94\x8a\xf0\x9f\x94\xa5encima de un bus \xf0\x9f\x9a\x8e y nos cuenta m\xc3\xa1s sobre su col\xe2\x80\xa6 https://t.co/ebZ4Jz0B89'
1054421943762456577;b'RT @Anuel_2bleA: Gracias a @JBALVIN por la oportunidad anoche..  \xf0\x9f\x91\xb9\xe2\x9c\x96\xef\xb8\x8f\xf0\x9f\xa6\x96#RealHastaLaMuerte #VibrasTour NY https://t.co/xTjvG1xc6b'
1054421996443000832;b'RT @MegaStar: .@AlvaroSicilia entrevista a la promesa del TRAP @MaikelDLacalle \xf0\x9f\x94\x8a\xf0\x9f\x94\xa5encima de un bus \xf0\x9f\x9a\x8e y nos cuenta m\xc3\xa1s sobre su colab con @JB\xe2\x80\xa6'
1054422081574703104;b'RT @MegaStar: .@AlvaroSicilia entrevista a la promesa del TRAP @MaikelDLacalle \xf0\x9f\x94\x8a\xf0\x9f\x94\xa5encima de un bus \xf0\x9f\x9a\x8e y nos cuenta m\xc3\xa1s sobre su colab con @JB\xe2\x80\xa6'
1054422345589420032;b'O v\xc3\xaddeo do ematoma do JBalvin passou de  2 milh\xc3\xb5es de views no Instagram. \xf0\x9f\xa4\xa3\nque hitudo amore! https://t.co/JzNU2eZaiG'
1054422416020127744;b'Como cuando me sale un barro en la frente... \xf0\x9f\x98\x94\xf0\x9f\x98\xad #RMSNoticias @JBALVIN \xf0\x9f\x91\x81 https://t.co/fWQu6ZnopB'
1054422524354805760;b'O v\xc3\xaddeo do hematoma do JBalvin passou de  2 milh\xc3\xb5es de views no Instagram. \xf0\x9f\xa4\xa3\nque hitudo amore! https://t.co/JzNU2eZaiG'
1054422737429651457;b'O v\xc3\xaddeo do Hematoma do JBalvin passou de  2 milh\xc3\xb5es de views no Instagram. \xf0\x9f\xa4\xa3\nque hitudo amore! https://t.co/4jFP9KTZl4'
1054422839670046720;b'RT @DianaMaux: Que chimba el sabor de mi tierra #Mocca \xf0\x9f\x8d\xab\xf0\x9f\x8c\x88\xe2\x98\x95\xef\xb8\x8f\nFit @fashionnova \n.\nNO TE CANSES, SIGUE BAILANDO!\xf0\x9f\x92\x83\xf0\x9f\x8f\xbd\n\n\xf0\x9f\x94\x8a #Moccaremix @LaloEbratt\xe2\x80\xa6'
1054423039486627845;b'RT @jowell1: Grande como artista , GIGANTE como persona ! Que el mundo lo sepa @JBALVIN Te mereces todo el exito que est\xc3\xa1s teniendo. Que or\xe2\x80\xa6'
1054423114514345987;b'RT @JBalvinCharts: O v\xc3\xaddeo do Hematoma do JBalvin passou de  2 milh\xc3\xb5es de views no Instagram. \xf0\x9f\xa4\xa3\nque hitudo amore! https://t.co/4jFP9KTZl4'
1054423201407795200;b'RT @MegaStar: .@AlvaroSicilia entrevista a la promesa del TRAP @MaikelDLacalle \xf0\x9f\x94\x8a\xf0\x9f\x94\xa5encima de un bus \xf0\x9f\x9a\x8e y nos cuenta m\xc3\xa1s sobre su colab con @JB\xe2\x80\xa6'
1054423402176344065;b'RT @anaknieblas: x siempre enojada que se cancel\xc3\xb3 el concierto de jbalvin en hermosillo\xf0\x9f\xa4\xa7'
1054423414163824640;b'Saludos, @los40ar\xc2\xa0 nos gustar\xc3\xada escuchar el nuevo tema de #jbalvin #NoEsJusto . Muchas gracias.\xe2\x9d\xa3'
1054423540932509697;b'Saludos, @RadioDisneyLA nos gustar\xc3\xada escuchar el nuevo tema de #jbalvin #NoEsJusto . Muchas gracias\xe2\x9d\xa3'
1054423649221070848;b'RT @SusieLeeNV: I hope you\xe2\x80\x99ll join me with President @BarackObama, special musical guest @JBALVIN, and the @nvdems on Monday as we kick #Ea\xe2\x80\xa6'
1054423670989512704;b'Saludos, @RED92cadadiamas nos gustar\xc3\xada escuchar la nueva cancion de #JBalvin #NoEsJusto\xc2\xa0 . Muchas gracias \xe2\x9d\xa3'
1054423697199517696;b'RT @SusieLeeNV: I hope you\xe2\x80\x99ll join me with President @BarackObama, special musical guest @JBALVIN, and the @nvdems on Monday as we kick #Ea\xe2\x80\xa6'
1054423746184912898;b'Saludos, @radiolatina101 nos gustar\xc3\xada escuchar el tema nuevo de #jbalvin #NoEsJusto. Muchas gracias.\xe2\x9d\xa3'
1054423752149221377;b'Hola @digital1029 quisiera escuchar XRemix de maluma, NickyJamPR, JBALVIN y Ozuna_Pr por favor para MalumaFamilyNL'
1054423788249628673;b'Hola @genesis981fm quisiera escuchar XRemix de maluma, NickyJamPR, JBALVIN y Ozuna_Pr por favor para MalumaFamilyNL'
1054423825025253378;b'Hola @alfa1045fm quisiera escuchar XRemix de maluma, NickyJamPR, JBALVIN y Ozuna_Pr por favor para MalumaFamilyNL'
1054423863868776449;b'Hola @CocaColaFM quisiera escuchar XRemix de maluma, NickyJamPR, JBALVIN y Ozuna_Pr por favor para MalumaFamilyNL'
1054423870810271744;b'RT @LiamPayne: \xf0\x9f\x99\x8c\xf0\x9f\x8f\xbc\xf0\x9f\x99\x8c\xf0\x9f\x8f\xbc https://t.co/XlheSIyu29'
1054423882772422663;b"RT @BRITs: Big congrats to @LiamPayne and @JBALVIN as 'Familiar' is now a #BRITcertified Gold selling single! \xf0\x9f\x87\xac\xf0\x9f\x87\xa7\xf0\x9f\x93\x80 https://t.co/uluBNa4a3S"
1054423904016625664;b'Hola @exatv quisiera escuchar XRemix de maluma, NickyJamPR, JBALVIN y Ozuna_Pr por favor para MalumaFamilyNL'
1054423950393069570;b'RT @MegaStar: .@AlvaroSicilia entrevista a la promesa del TRAP @MaikelDLacalle \xf0\x9f\x94\x8a\xf0\x9f\x94\xa5encima de un bus \xf0\x9f\x9a\x8e y nos cuenta m\xc3\xa1s sobre su colab con @JB\xe2\x80\xa6'
1054423961889636353;b'Saludos, @radiolate nos gustar\xc3\xada escuchar el tema nuevo de #jbalvin #NoEsJusto\xc2\xa0\xc2\xa0 . Muchas gracias.\xe2\x9d\xa3'
1054423966000078855;b'RT @MegaStar: .@AlvaroSicilia entrevista a la promesa del TRAP @MaikelDLacalle \xf0\x9f\x94\x8a\xf0\x9f\x94\xa5encima de un bus \xf0\x9f\x9a\x8e y nos cuenta m\xc3\xa1s sobre su colab con @JB\xe2\x80\xa6'
1054423981556674560;b'RT @MegaStar: .@AlvaroSicilia entrevista a la promesa del TRAP @MaikelDLacalle \xf0\x9f\x94\x8a\xf0\x9f\x94\xa5encima de un bus \xf0\x9f\x9a\x8e y nos cuenta m\xc3\xa1s sobre su colab con @JB\xe2\x80\xa6'
1054424146346561545;b'RT @UNLVYoungDems: \xf0\x9f\x93\xa3\xf0\x9f\x93\xa3Attention Rebels! @BarackObama, @JBALVIN, @TheSaltNPepa, &amp, @AmericaFerrera are holding a free early vote rally TODAY a\xe2\x80\xa6'
1054424204072964097;b'Saludos, @late931Oficial nos gustar\xc3\xada escuchar la nueva cancion de #jbalvin #NoEsJusto . Muchas gracias.\xe2\x9d\xa3'
1054424230979428352;b'@JBALVIN la tierra de Cerati, Fito y tantos grandes de la m\xc3\xbasica #ExitoTotal!!!'
1054424249350406145;b'RT @LiamPayne: \xf0\x9f\x99\x8c\xf0\x9f\x8f\xbc\xf0\x9f\x99\x8c\xf0\x9f\x8f\xbc https://t.co/XlheSIyu29'
1054424341386010624;b'RT @jessicapaguay1: @JBALVIN hands down an incredible show! Had the time of my life!! Seeing you grow into the artist you are now is amazin\xe2\x80\xa6'
1054424583921696769;b'@MaggieCortez @MariahCarey @JBALVIN https://t.co/AErjmC2kmT'
1054424623155216385;b'Saludos, @laradiotescucha nos gustar\xc3\xada escuchar el nuevo tema de #jbalvin #NoEsJusto . Muchas gracias.\xe2\x9d\xa3'
1054424687562887170;b'Saludos, @guaparadio , nos gustar\xc3\xada escuchar #NoEsJusto lo nuevo de #JBALVIN . Muchas gracias. \xe2\x9d\xa3'
1054424700510707712;b'Never too early to start thinking about Friday. See you at @JBALVIN! \xf0\x9f\x8e\xab: https://t.co/KcIr42oWoF https://t.co/oWoj0glcuz'
1054424872712060928;b'RT @CentralJBalvin: Vamos f\xc3\xa3s do J Balvin e da Anitta!\n\nRT (nesse tweet)  e respostas com esses tweets abaixo\xf0\x9f\x91\x87\n\nRT = VOTO\n\nVoto por\xc2\xa0J Balvi\xe2\x80\xa6'
1054425008414642176;b'RT @barclayscenter: Hola \xf0\x9f\x91\x8b @PrinceRoyce \n#VibrasTour \xf0\x9f\xa6\x96 \n@JBALVIN https://t.co/eucP9Pe4AY'
1054425100316041216;b'RT @Anuel_2bleA: No cambiamos s\xc3\xb3lo aprendemos y aprender no es cambiar, es crecer. @anuel_2blea  Emmanuel - JBalvin. https://t.co/2XtoLjvUJd'
1054425182989893632;b'@stupidcin @JBALVIN What a role model \xf0\x9f\x98\x8d'
1054425221837545472;b'RT @RMScanal: Como cuando me sale un barro en la frente... \xf0\x9f\x98\x94\xf0\x9f\x98\xad #RMSNoticias @JBALVIN \xf0\x9f\x91\x81 https://t.co/fWQu6ZnopB'
1054425287730053121;b'Saludos, @CocaColaForMeAr , nos gustar\xc3\xada escuchar #NoEsJusto lo nuevo de #JBALVIN . Muchas gracias. \xe2\x9d\xa3'
1054425288778674176;b'#Np @davidguetta - Say My Name ft @BebeRexha &amp, @JBALVIN | on #BeatMadness https://t.co/awRoDaJLVM'
1054425352406294528;b'Saludos, @popradio1015 nos gustar\xc3\xada escuchar el nuevo tema de #JBalvin #NoEsJusto . Muchas gracias. \xe2\x9d\xa3'
1054425401840287744;b'Saludos, @vale975 nos gustar\xc3\xada escuchar el tema nuevo de #JBalvin #NoEsJusto . Muchas gracias \xe2\x9d\xa3'
1054425666702192640;b'Ir en stilettos para el concierto de Jbalvin'
1054425727217647616;b'Saludos, @zooradio935 nos gustar\xc3\xada escuchar el tema nuevo de #JBalvin #NoEsJusto . Muchas gracias. \xe2\x9d\xa3'
1054426037537435649;b'RT @MegaStar: .@AlvaroSicilia entrevista a la promesa del TRAP @MaikelDLacalle \xf0\x9f\x94\x8a\xf0\x9f\x94\xa5encima de un bus \xf0\x9f\x9a\x8e y nos cuenta m\xc3\xa1s sobre su colab con @JB\xe2\x80\xa6'
1054426106084974594;b'Saludos, @PReggaeton nos gustar\xc3\xada pedir el nuevo tema de #JBalvin #NoEsJusto . Muchas gracias. \xe2\x9d\xa3'
1054426400822870016;b'Saludos, @Quieromusicatv le dejo votos al video de #jbalvin\xc2\xa0 #NoEsJusto al ranking #Los15Mejores . Muchas gracias.\xe2\x9d\xa3'
1054426472541315072;b'Saludos, @cmtvargentina , quisiera escuchar\xc2\xa0 #NoEsJusto lo nuevo de #JBALVIN . Muchas gracias. \xe2\x9d\xa3'
1054426559887654917;b'Saludos, @HTVMusica le dejo votos al video clip #jbalvin #NoEsJusto . Muchas gracias. \xe2\x9d\xa3'
1054426682462011392;b'Saludos, @MTVLA le dejo votos al video de #jbalvin\xc2\xa0 #NoEsJusto gracias #MTVHitsLa .\xc2\xa0 \xe2\x9d\xa3'
1054426730113458176;b'Saludos, @la100fm me gustar\xc3\xada escuchar el tema nuevo de #JBalvin\xc2\xa0 #NoEsJusto . Muchas gracias.\xe2\x9d\xa3'
1054426768839450625;b'Saludos. Nos gustar\xc3\xada ver en el @HTVHotRanking de @HTVMusica el mas reciente \xc3\xa9xito de #JBalvin #NoEsJusto Muchas Gr\xe2\x80\xa6 https://t.co/0cJanMIgZ0'
1054426923324133376;b'@jiovanyo \xf0\x9f\x98\xaf\xf0\x9f\x98\xaf\xf0\x9f\x98\xaf\xf0\x9f\x98\xaf HECK YAH'
1054426928042651648;b'RT @LiamPayne: \xf0\x9f\x99\x8c\xf0\x9f\x8f\xbc\xf0\x9f\x99\x8c\xf0\x9f\x8f\xbc https://t.co/XlheSIyu29'
1054427187087097858;b'RT @jowell1: Grande como artista , GIGANTE como persona ! Que el mundo lo sepa @JBALVIN Te mereces todo el exito que est\xc3\xa1s teniendo. Que or\xe2\x80\xa6'
1054427227759230977;b'#MiVotoLCA es para que el tema #NoEsJusto de @JBalvin @CuentaAtrasCMM @CMM_es #NovedadesLCA'
1054427328732745728;b'@haashoficial @karlabreumusic @JBALVIN @thalia @OneRepublic   @zionylennoxpr @CalvinHarris y @BURAKYETER sonar\xc3\xa1n en\xe2\x80\xa6 https://t.co/uZtqBv1K5K'
1054427935371943937;b'RT @Anuel_2bleA: Gracias a @JBALVIN por la oportunidad anoche..  \xf0\x9f\x91\xb9\xe2\x9c\x96\xef\xb8\x8f\xf0\x9f\xa6\x96#RealHastaLaMuerte #VibrasTour NY https://t.co/xTjvG1xc6b'
1054427994956226562;b'RT @SusieLeeNV: I hope you\xe2\x80\x99ll join me with President @BarackObama, special musical guest @JBALVIN, and the @nvdems on Monday as we kick #Ea\xe2\x80\xa6'
1054428371856379910;b'RT @john: Congratulations @anitta and @jbalvin on winning \xe2\x80\x9chit of the year\xe2\x80\x9d tonight. So glad @lelepons and @hannahstocking were able to pre\xe2\x80\xa6'
1054428398511157248;b'RT @lelepons: hahaha love you @jbalvin https://t.co/rJzv715OAI'
1054428420753502208;b'\xe2\x99\xaa A las 15 escucharemos a @JBALVIN, @LucianoPereyra, @AlexSensation, @Ozuna_Pr, @alexoficial, @diegotorres,\xe2\x80\xa6 https://t.co/210h7zHZEU'
1054428512386535424;b'RT @SusieLeeNV: I hope you\xe2\x80\x99ll join me with President @BarackObama, special musical guest @JBALVIN, and the @nvdems on Monday as we kick #Ea\xe2\x80\xa6'
1054428519181246466;b'RT @Anuel_2bleA: No cambiamos s\xc3\xb3lo aprendemos y aprender no es cambiar, es crecer. @anuel_2blea  Emmanuel - JBalvin. https://t.co/2XtoLjvUJd'
1054428559782109184;b'RT @Vale975: \xe2\x99\xaa A las 15 escucharemos a @JBALVIN, @LucianoPereyra, @AlexSensation, @Ozuna_Pr, @alexoficial, @diegotorres, @carlosvives, @Man\xe2\x80\xa6'
1054428649422614528;b'RT @WillMcCurdyII: Can\xe2\x80\x99t wait to see @BarackObama take stage today and hear from special guest @JBALVIN! This is going to be LIT! \xf0\x9f\x94\xa5 follow\xe2\x80\xa6'
1054428685103755264;b'@Vale975 @JBALVIN @LucianoPereyra @AlexSensation @Ozuna_Pr @alexoficial @diegotorres @carlosvives @ManuelTurizoMTZ\xe2\x80\xa6 https://t.co/ZCqpschzlE'
1054428761410715648;b'@CuentameloYaOf @carlosvives @JBALVIN @maluma @shakira Shakira'
1054428888917598208;b'#greetingcards #funnybirthdaycards #birthdaycards #giftideas #hiphopmusic #rapmusic #celebs #memes #funnyquotes\xe2\x80\xa6 https://t.co/hsRTKLRLhC'
1054428908001538048;b'Y @JBALVIN sigue provoc\xc3\xa1ndonos \xf0\x9f\xa4\xa4 \n#Sexy \xf0\x9f\x94\xa5 #Hot \xf0\x9f\x98\x8d https://t.co/Ppv4cjJV2E'
1054428929719554048;b'RT @QueenNud: Y @JBALVIN sigue provoc\xc3\xa1ndonos \xf0\x9f\xa4\xa4 \n#Sexy \xf0\x9f\x94\xa5 #Hot \xf0\x9f\x98\x8d https://t.co/Ppv4cjJV2E'
1054429131381895171;b'TE LEVANTAMOS A CRUCETA @BurjKhalifa  CUALQUIERA x wiserable @jbalvin  https://t.co/PrYk8zs6mb:'
1054429210264035328;b'RT @WillMcCurdyII: Can\xe2\x80\x99t wait to see @BarackObama take stage today and hear from special guest @JBALVIN! This is going to be LIT! \xf0\x9f\x94\xa5 follow\xe2\x80\xa6'
1054429259979280384;b'RT @GABRIELR0BERT00: TE LEVANTAMOS A CRUCETA @BurjKhalifa  CUALQUIERA x wiserable @jbalvin  https://t.co/PrYk8zs6mb:'
